{"cameraMode":{"drawMode":0,"name":"Shaded","section":"Shading Mode"},"sceneLighting":true,"audioPlay":false,"sceneViewState":{"showFog":true,"showMaterialUpdate":false,"showSkybox":true,"showFlares":true,"showImageEffects":true,"showParticleSystems":true},"in2DMode":false,"pivot":{"x":-45.36822509765625,"y":-303.87689208984377,"z":-605.6820678710938},"rotation":{"x":0.03961306810379028,"y":-0.9599983096122742,"z":0.20944857597351075,"w":0.18156342208385468},"size":1300.733642578125,"orthographic":false}