{"cameraMode":{"drawMode":0,"name":"Shaded","section":"Shading Mode"},"sceneLighting":true,"audioPlay":false,"sceneViewState":{"showFog":true,"showMaterialUpdate":false,"showSkybox":true,"showFlares":true,"showImageEffects":true,"showParticleSystems":true},"in2DMode":false,"pivot":{"x":-6.776175498962402,"y":-1.0582256317138672,"z":1.6421880722045899},"rotation":{"x":0.10766486078500748,"y":0.8580770492553711,"z":-0.4602372646331787,"w":0.20073306560516358},"size":10.0,"orthographic":false}